Father_Height,Mother_Height,Father_SkinTone,Mother_SkinTone,Father_BloodGroup,Mother_BloodGroup,Father_Hair,Mother_Hair,Father_ColourBlind,Mother_ColourBlind,Child_Height,Child_SkinTone,Child_BloodGroup,Child_Hair,Child_ColourBlind
158,162,1,1,AB,AB,Curly,Curly,No,No,164,1,B,Curly,No
170,155,1,4,O,A,Wavy,Straight,No,Yes,165,1,A,Wavy,Yes
160,154,3,4,O,AB,Curly,Wavy,No,No,164,4,A,Wavy,No
168,178,5,3,O,O,Straight,Straight,No,No,180,3,O,Straight,No
187,147,1,4,AB,B,Wavy,Straight,No,Yes,171,3,A,Wavy,No
179,166,1,2,A,AB,Wavy,Curly,No,Yes,166,2,B,Wavy,No
186,159,2,5,O,O,Curly,Curly,No,Yes,158,3,O,Curly,Yes
171,167,3,4,O,A,Straight,Curly,Yes,Yes,165,4,A,Curly,Yes
182,145,5,4,AB,AB,Curly,Straight,No,No,164,3,A,Curly,No
156,155,4,1,B,AB,Curly,Straight,Yes,No,150,3,AB,Wavy,No
164,163,2,5,A,B,Wavy,Curly,Yes,No,164,3,O,Wavy,Yes
177,173,4,3,A,B,Straight,Straight,Yes,No,170,3,AB,Straight,Yes
189,168,1,3,B,B,Wavy,Wavy,Yes,Yes,179,3,B,Wavy,Yes
167,177,2,1,AB,B,Straight,Wavy,Yes,No,178,1,B,Wavy,Yes
189,153,4,1,O,AB,Curly,Straight,Yes,No,172,2,A,Wavy,No
192,152,1,3,AB,O,Wavy,Curly,No,No,166,2,A,Wavy,No
167,156,4,4,AB,B,Wavy,Wavy,Yes,No,154,5,AB,Wavy,Yes
171,177,5,3,O,A,Wavy,Curly,No,No,180,3,A,Wavy,No
170,173,5,3,O,AB,Curly,Curly,Yes,Yes,170,3,A,Curly,Yes
182,176,2,4,A,O,Wavy,Wavy,Yes,Yes,184,4,A,Wavy,Yes
184,177,3,5,AB,O,Straight,Curly,No,Yes,188,3,B,Curly,No
177,172,1,5,O,B,Curly,Wavy,Yes,Yes,168,2,B,Wavy,Yes
174,176,3,5,A,O,Curly,Straight,No,No,178,3,A,Wavy,No
183,152,1,5,O,AB,Wavy,Curly,Yes,Yes,163,3,B,Wavy,Yes
170,147,4,1,O,AB,Curly,Curly,Yes,No,158,1,AB,Curly,No
166,164,1,3,AB,B,Curly,Straight,Yes,No,168,3,AB,Curly,Yes
181,159,4,5,O,A,Curly,Wavy,Yes,No,158,3,A,Wavy,Yes
163,152,4,3,A,O,Wavy,Wavy,Yes,No,156,4,A,Wavy,Yes
161,177,5,3,A,B,Curly,Wavy,Yes,No,173,5,O,Wavy,Yes
155,155,1,3,A,B,Wavy,Wavy,Yes,No,147,1,A,Wavy,Yes
158,154,2,1,O,B,Curly,Wavy,No,Yes,161,1,B,Wavy,Yes
155,163,3,4,B,A,Straight,Curly,Yes,No,164,3,B,Wavy,Yes
163,180,5,5,O,AB,Straight,Curly,Yes,No,173,5,A,Curly,No
175,145,3,5,AB,A,Straight,Curly,No,Yes,151,3,A,Curly,Yes
180,149,4,4,B,O,Wavy,Straight,Yes,Yes,167,4,B,Wavy,Yes
167,168,2,1,A,AB,Curly,Wavy,Yes,No,174,1,B,Wavy,No
163,161,5,5,A,AB,Straight,Straight,No,No,156,4,A,Straight,No
170,145,1,1,A,O,Wavy,Straight,Yes,Yes,161,2,A,Wavy,Yes
179,145,1,4,A,B,Wavy,Curly,No,No,158,1,AB,Wavy,No
159,146,1,5,AB,A,Straight,Straight,Yes,No,154,3,AB,Straight,No
193,180,1,2,AB,B,Curly,Wavy,Yes,No,187,1,A,Wavy,Yes
164,155,1,5,A,O,Wavy,Straight,No,No,155,2,A,Wavy,No
159,158,5,3,A,B,Curly,Straight,Yes,No,159,5,B,Wavy,No
194,169,3,2,O,O,Curly,Curly,Yes,Yes,182,3,O,Curly,Yes
163,164,3,3,B,A,Straight,Straight,Yes,Yes,160,3,B,Straight,Yes
184,160,5,4,AB,AB,Wavy,Straight,No,No,175,3,A,Wavy,No
167,155,1,4,O,B,Straight,Straight,Yes,Yes,162,2,B,Straight,Yes
191,169,2,5,A,O,Straight,Straight,No,No,180,4,A,Straight,No
175,171,3,3,O,B,Curly,Straight,Yes,No,175,4,B,Wavy,Yes
163,154,2,4,B,B,Wavy,Straight,Yes,No,148,4,B,Wavy,Yes
172,167,4,2,O,O,Wavy,Curly,No,No,175,2,O,Wavy,No
160,165,4,4,A,A,Wavy,Wavy,Yes,No,162,3,A,Wavy,No
169,147,2,4,A,AB,Curly,Wavy,No,No,160,3,AB,Wavy,No
159,167,2,1,B,A,Straight,Wavy,No,No,169,1,O,Wavy,No
159,157,4,4,O,A,Straight,Wavy,Yes,Yes,159,3,A,Wavy,Yes
171,150,1,3,B,A,Wavy,Straight,No,No,163,1,B,Wavy,No
183,147,3,5,O,AB,Wavy,Curly,No,Yes,163,4,A,Wavy,Yes
156,173,4,5,A,B,Wavy,Straight,No,Yes,165,4,AB,Wavy,No
193,175,1,5,B,B,Curly,Straight,Yes,No,180,3,B,Curly,Yes
167,174,4,3,O,O,Wavy,Straight,No,Yes,175,3,O,Wavy,No
184,151,3,4,B,B,Curly,Straight,No,No,173,4,B,Curly,No
193,160,3,2,B,O,Straight,Wavy,Yes,No,172,3,B,Wavy,No
195,153,5,2,AB,O,Curly,Wavy,No,Yes,178,2,B,Wavy,Yes
173,157,5,5,AB,B,Wavy,Curly,Yes,Yes,164,4,AB,Wavy,Yes
176,155,1,3,A,B,Wavy,Curly,Yes,Yes,164,1,O,Wavy,Yes
193,160,1,4,B,AB,Wavy,Curly,No,No,178,1,B,Wavy,No
156,176,5,2,B,B,Wavy,Straight,No,Yes,164,4,B,Wavy,Yes
165,178,2,2,A,A,Straight,Curly,No,No,176,2,A,Wavy,No
169,180,5,4,A,AB,Straight,Wavy,No,Yes,172,5,A,Wavy,Yes
194,158,2,1,A,O,Wavy,Curly,Yes,No,173,2,A,Wavy,No
187,149,4,1,AB,AB,Wavy,Straight,No,No,164,1,B,Wavy,No
162,176,4,3,A,B,Straight,Wavy,No,Yes,170,3,AB,Wavy,Yes
155,167,4,2,B,B,Curly,Straight,Yes,Yes,157,2,B,Curly,Yes
182,168,4,2,AB,O,Straight,Wavy,Yes,Yes,178,3,AB,Wavy,Yes
185,159,5,3,AB,A,Wavy,Wavy,No,Yes,170,4,AB,Wavy,Yes
156,161,2,3,O,B,Curly,Straight,Yes,No,155,1,B,Wavy,No
190,175,3,3,A,B,Straight,Wavy,Yes,No,188,2,O,Wavy,Yes
181,162,4,5,O,A,Curly,Curly,No,No,173,5,A,Curly,No
169,151,5,5,B,B,Curly,Straight,Yes,No,158,5,B,Wavy,No
173,157,3,4,B,B,Curly,Straight,No,No,164,4,B,Wavy,No
185,163,3,2,B,A,Straight,Curly,Yes,No,180,1,AB,Curly,Yes
156,168,5,5,O,AB,Curly,Curly,Yes,No,169,4,AB,Curly,No
170,173,5,3,O,AB,Wavy,Wavy,No,Yes,167,4,AB,Wavy,No
186,178,1,2,O,A,Wavy,Straight,No,Yes,179,1,A,Wavy,Yes
176,146,5,2,B,O,Straight,Straight,No,No,161,3,B,Straight,No
167,145,1,5,B,B,Curly,Wavy,No,No,159,4,B,Wavy,No
168,170,1,5,O,B,Curly,Wavy,Yes,No,158,3,B,Wavy,Yes
166,172,3,4,A,A,Curly,Straight,No,Yes,176,4,A,Wavy,Yes
161,153,3,2,B,O,Curly,Curly,Yes,No,155,1,B,Curly,No
190,153,2,4,O,B,Wavy,Curly,No,Yes,174,4,B,Wavy,No
159,154,2,5,B,B,Curly,Curly,No,No,162,2,B,Curly,No
161,160,2,1,AB,AB,Curly,Curly,No,Yes,157,2,A,Curly,Yes
172,150,5,4,AB,AB,Straight,Curly,No,Yes,162,3,A,Curly,Yes
158,151,1,4,B,A,Wavy,Straight,Yes,Yes,146,2,A,Wavy,Yes
191,155,3,3,O,A,Wavy,Straight,Yes,No,168,2,A,Wavy,No
184,166,1,2,B,AB,Straight,Straight,No,No,170,1,AB,Straight,No
195,163,4,3,A,O,Wavy,Wavy,Yes,No,183,2,A,Wavy,No
175,179,5,3,A,A,Straight,Curly,No,No,184,5,A,Wavy,No
163,174,3,2,A,A,Wavy,Curly,No,No,168,1,A,Wavy,No
173,150,2,5,A,O,Wavy,Straight,Yes,No,158,4,A,Wavy,Yes
173,174,1,2,B,AB,Wavy,Curly,No,Yes,171,1,B,Wavy,No
177,160,4,4,A,AB,Straight,Curly,No,No,165,3,AB,Wavy,No
165,163,1,2,B,A,Wavy,Wavy,Yes,No,160,1,B,Wavy,Yes
167,174,2,1,B,A,Curly,Straight,Yes,Yes,178,2,A,Wavy,Yes
170,174,5,5,B,O,Curly,Curly,No,Yes,179,5,B,Curly,No
193,166,5,5,B,B,Wavy,Curly,No,Yes,177,4,B,Wavy,No
163,165,5,4,AB,B,Curly,Straight,No,Yes,157,5,B,Curly,Yes
178,146,2,3,O,A,Wavy,Curly,Yes,No,156,2,A,Wavy,Yes
191,180,2,2,B,B,Wavy,Wavy,No,Yes,181,1,B,Wavy,Yes
155,164,5,3,A,A,Straight,Wavy,No,No,156,4,A,Wavy,No
191,164,4,4,B,A,Straight,Curly,Yes,Yes,191,3,O,Curly,Yes
155,171,2,5,A,B,Straight,Wavy,No,Yes,158,4,AB,Wavy,No
189,155,5,1,AB,AB,Curly,Straight,Yes,No,154,3,A,Wavy,Yes
171,149,5,2,O,A,Wavy,Wavy,No,No,157,2,A,Wavy,No
172,156,2,5,O,B,Curly,Wavy,No,No,154,3,B,Wavy,No
158,166,3,5,A,B,Curly,Straight,No,No,158,5,O,Curly,No
175,180,1,1,B,AB,Curly,Straight,Yes,No,187,2,A,Curly,No
189,180,5,2,O,AB,Wavy,Straight,No,No,183,3,AB,Wavy,No
186,148,4,5,AB,O,Wavy,Wavy,Yes,Yes,160,3,B,Wavy,Yes
166,176,3,2,AB,A,Straight,Curly,Yes,No,167,3,AB,Curly,Yes
182,148,2,5,A,B,Curly,Curly,Yes,Yes,161,2,A,Curly,Yes
162,160,3,1,B,O,Wavy,Curly,No,Yes,148,3,B,Wavy,Yes
182,160,3,5,A,A,Wavy,Curly,No,No,172,3,A,Wavy,No
184,148,1,2,B,A,Curly,Curly,Yes,No,164,1,O,Curly,Yes
180,174,4,3,B,O,Straight,Curly,No,No,178,2,B,Wavy,No
187,157,4,3,B,AB,Straight,Curly,Yes,No,161,3,B,Curly,No
189,168,5,1,AB,A,Wavy,Wavy,No,No,176,4,B,Wavy,No
188,163,3,3,O,B,Wavy,Straight,No,Yes,180,4,B,Wavy,No
175,160,2,5,O,A,Curly,Wavy,No,Yes,168,3,A,Wavy,Yes
183,147,3,1,B,AB,Wavy,Straight,Yes,Yes,166,2,B,Wavy,Yes
164,149,5,2,O,O,Curly,Straight,No,No,149,4,O,Wavy,No
163,169,3,5,A,A,Curly,Straight,Yes,Yes,174,5,A,Curly,Yes
163,169,1,3,A,AB,Curly,Straight,Yes,No,161,2,B,Wavy,No
178,167,5,3,O,AB,Curly,Curly,No,No,166,4,AB,Curly,No
158,157,2,3,O,B,Curly,Straight,No,Yes,155,2,B,Curly,No
183,178,3,5,AB,AB,Straight,Straight,Yes,Yes,177,5,A,Straight,Yes
178,146,1,2,A,A,Curly,Curly,No,Yes,166,2,A,Curly,Yes
169,179,5,1,B,B,Wavy,Straight,Yes,Yes,182,2,B,Wavy,Yes
186,156,4,3,A,O,Wavy,Wavy,Yes,Yes,176,2,A,Wavy,Yes
156,177,3,5,O,AB,Wavy,Straight,No,No,157,5,B,Wavy,No
156,165,5,3,A,O,Curly,Wavy,Yes,No,156,3,A,Wavy,No
195,177,2,4,O,AB,Straight,Wavy,No,No,190,4,AB,Wavy,No
178,163,5,3,AB,O,Straight,Curly,Yes,No,178,5,B,Wavy,Yes
194,175,3,1,AB,A,Straight,Curly,No,Yes,177,2,A,Curly,No
171,149,2,4,A,A,Straight,Curly,Yes,Yes,147,4,A,Curly,Yes
191,158,3,4,AB,A,Wavy,Straight,No,No,170,2,B,Wavy,No
195,152,3,2,A,AB,Straight,Wavy,No,Yes,167,2,AB,Wavy,No
166,151,3,5,AB,AB,Wavy,Curly,Yes,No,155,4,B,Wavy,Yes
174,154,1,4,B,O,Curly,Curly,Yes,No,169,1,B,Curly,No
180,149,5,2,O,O,Curly,Wavy,No,No,160,3,O,Wavy,No
185,149,2,2,O,O,Wavy,Curly,No,No,166,3,O,Wavy,No
186,152,3,4,AB,A,Curly,Straight,No,Yes,163,2,B,Wavy,Yes
189,151,1,2,O,A,Wavy,Curly,Yes,No,176,2,A,Wavy,No
166,149,1,2,A,AB,Curly,Straight,No,Yes,166,2,AB,Wavy,Yes
175,149,1,1,AB,O,Straight,Wavy,Yes,Yes,157,1,A,Wavy,Yes
173,152,2,5,AB,A,Straight,Curly,No,No,177,2,B,Curly,No
164,172,3,5,O,B,Wavy,Wavy,No,No,166,3,B,Wavy,No
158,170,3,5,AB,O,Curly,Curly,Yes,No,168,4,AB,Curly,Yes
163,179,5,2,AB,AB,Wavy,Curly,No,No,171,3,A,Wavy,No
185,151,3,5,B,B,Straight,Curly,Yes,No,173,3,B,Wavy,Yes
185,145,4,3,AB,A,Wavy,Wavy,Yes,No,159,2,AB,Wavy,Yes
181,161,3,3,O,A,Straight,Straight,Yes,Yes,168,2,A,Straight,Yes
171,152,5,5,AB,B,Curly,Straight,No,Yes,165,5,AB,Wavy,Yes
195,158,5,4,AB,A,Wavy,Curly,No,Yes,180,4,B,Wavy,No
181,160,2,2,A,A,Straight,Curly,No,No,162,2,A,Wavy,No
193,145,1,5,B,O,Wavy,Wavy,Yes,No,173,2,B,Wavy,Yes
175,179,2,3,O,B,Curly,Curly,No,No,176,1,B,Curly,No
168,153,2,5,O,A,Straight,Curly,Yes,No,161,4,A,Curly,Yes
169,169,1,3,AB,B,Wavy,Wavy,No,Yes,167,2,AB,Wavy,No
169,146,4,1,B,O,Curly,Straight,No,No,151,3,B,Curly,No
167,156,2,4,B,A,Curly,Curly,Yes,No,154,4,A,Curly,Yes
170,149,5,3,A,B,Straight,Straight,Yes,No,156,3,O,Straight,Yes
164,161,4,4,B,A,Wavy,Straight,No,No,171,4,B,Wavy,No
161,147,3,5,A,O,Curly,Curly,Yes,Yes,152,5,A,Curly,Yes
187,154,3,3,A,AB,Curly,Curly,No,No,171,2,A,Curly,No
165,153,5,1,AB,O,Curly,Wavy,Yes,Yes,154,4,AB,Wavy,Yes
183,153,4,1,A,O,Curly,Curly,No,Yes,166,2,A,Curly,No
159,160,5,2,O,B,Curly,Curly,Yes,No,153,2,B,Curly,Yes
181,177,2,1,A,B,Curly,Curly,Yes,Yes,180,1,A,Curly,Yes
183,155,5,1,B,O,Straight,Wavy,Yes,Yes,162,3,B,Wavy,Yes
156,149,4,2,B,O,Straight,Wavy,Yes,Yes,149,2,B,Wavy,Yes
183,170,3,3,A,A,Wavy,Wavy,No,Yes,179,4,A,Wavy,No
176,148,3,3,O,A,Curly,Straight,Yes,No,165,3,A,Wavy,No
160,153,5,1,AB,AB,Wavy,Curly,No,Yes,155,2,B,Wavy,No
183,145,4,2,B,O,Straight,Straight,Yes,No,157,2,B,Straight,No
160,178,4,3,A,AB,Wavy,Curly,Yes,No,156,3,AB,Wavy,No
187,150,4,4,AB,O,Wavy,Curly,Yes,Yes,180,4,A,Wavy,Yes
156,148,1,3,A,O,Wavy,Wavy,No,No,155,1,A,Wavy,No
180,178,2,2,B,B,Straight,Curly,Yes,No,178,3,B,Wavy,No
174,150,1,2,AB,O,Straight,Straight,No,No,161,2,B,Straight,No
172,177,1,3,B,O,Straight,Straight,No,Yes,166,3,B,Straight,No
159,171,2,1,AB,A,Wavy,Wavy,No,Yes,157,1,B,Wavy,No
184,164,1,5,B,A,Curly,Wavy,Yes,No,166,4,B,Wavy,No
169,158,4,1,O,AB,Wavy,Curly,No,Yes,163,1,B,Wavy,Yes
187,155,4,1,B,A,Curly,Curly,Yes,No,172,3,AB,Curly,Yes
169,164,5,3,AB,A,Curly,Straight,Yes,Yes,168,5,AB,Curly,Yes
172,171,5,1,A,AB,Wavy,Straight,Yes,Yes,177,4,A,Wavy,Yes
162,163,4,1,O,B,Curly,Curly,No,Yes,163,1,B,Curly,No
172,146,4,4,O,O,Wavy,Straight,Yes,Yes,159,5,O,Wavy,Yes
182,163,2,5,AB,B,Wavy,Wavy,Yes,No,172,3,A,Wavy,No
163,147,2,5,A,A,Curly,Wavy,Yes,No,159,4,A,Wavy,Yes
185,152,2,1,O,A,Curly,Wavy,No,No,170,1,A,Wavy,No
176,174,2,5,O,O,Wavy,Straight,No,Yes,172,3,O,Wavy,Yes
179,156,1,3,A,AB,Wavy,Straight,Yes,Yes,155,2,AB,Wavy,Yes
168,152,3,3,B,O,Curly,Wavy,Yes,No,155,2,B,Wavy,Yes
186,155,2,2,B,B,Straight,Wavy,No,Yes,165,1,B,Wavy,Yes
193,169,1,3,O,B,Wavy,Wavy,Yes,Yes,167,3,B,Wavy,Yes
192,145,4,3,AB,AB,Wavy,Curly,Yes,Yes,163,3,A,Wavy,Yes
189,149,2,3,AB,B,Curly,Wavy,No,No,173,2,AB,Wavy,No
164,148,3,4,O,AB,Curly,Curly,No,Yes,169,3,A,Curly,Yes
159,168,2,1,O,AB,Curly,Curly,Yes,No,161,1,B,Curly,No
164,158,1,5,B,B,Curly,Straight,Yes,No,157,2,B,Curly,Yes
192,172,5,4,O,B,Wavy,Wavy,Yes,No,182,3,B,Wavy,No
159,155,4,2,O,AB,Wavy,Wavy,No,No,155,4,B,Wavy,No
166,179,3,1,AB,AB,Curly,Wavy,Yes,No,171,3,B,Wavy,No
170,165,5,1,B,B,Curly,Straight,Yes,No,169,2,B,Curly,Yes
162,147,2,3,A,O,Curly,Wavy,Yes,No,148,3,A,Wavy,No
193,174,3,3,O,B,Wavy,Curly,Yes,Yes,186,4,B,Wavy,Yes
174,146,2,2,AB,O,Straight,Straight,No,No,166,2,B,Straight,No
182,145,5,4,AB,B,Wavy,Curly,Yes,No,164,5,AB,Wavy,No
176,148,4,1,AB,AB,Wavy,Straight,No,Yes,162,1,A,Wavy,No
168,169,5,4,A,B,Straight,Wavy,No,Yes,170,5,A,Wavy,No
192,166,3,4,B,O,Straight,Wavy,No,No,177,4,B,Wavy,No
155,172,1,1,O,A,Curly,Wavy,Yes,Yes,172,1,A,Wavy,Yes
181,147,3,1,A,O,Curly,Wavy,No,No,166,3,A,Wavy,No
162,180,2,3,A,A,Wavy,Curly,Yes,Yes,171,3,A,Wavy,Yes
194,149,2,1,AB,A,Wavy,Wavy,Yes,Yes,167,1,AB,Wavy,Yes
190,146,4,3,A,A,Curly,Straight,No,Yes,173,4,A,Curly,Yes
167,151,5,2,B,B,Wavy,Curly,Yes,Yes,155,4,B,Wavy,Yes
189,157,5,4,A,A,Straight,Curly,No,Yes,178,4,A,Wavy,No
170,173,4,4,B,B,Wavy,Wavy,Yes,No,170,5,B,Wavy,No
171,151,5,5,O,O,Straight,Straight,No,Yes,158,4,O,Straight,Yes
176,162,2,2,B,O,Curly,Wavy,Yes,Yes,165,2,B,Wavy,Yes
170,173,2,4,A,AB,Wavy,Wavy,No,Yes,175,3,B,Wavy,Yes
191,173,5,3,O,B,Wavy,Straight,No,Yes,182,4,B,Wavy,No
195,180,3,1,O,A,Curly,Wavy,Yes,No,184,2,A,Wavy,Yes
158,153,5,3,O,B,Straight,Wavy,No,No,154,3,B,Wavy,No
175,150,1,1,B,O,Straight,Straight,No,Yes,164,1,B,Straight,Yes
179,160,5,1,O,AB,Wavy,Straight,No,No,164,3,AB,Wavy,No
159,180,3,3,O,B,Curly,Straight,No,No,169,4,B,Curly,No
193,165,1,4,AB,A,Curly,Wavy,No,No,183,3,A,Wavy,No
161,173,1,3,A,B,Wavy,Wavy,No,Yes,165,3,O,Wavy,Yes
161,154,4,4,O,O,Wavy,Straight,Yes,Yes,157,4,O,Wavy,Yes
173,180,5,2,B,AB,Straight,Wavy,No,No,164,2,A,Wavy,No
184,145,4,1,AB,O,Straight,Wavy,No,Yes,161,1,AB,Wavy,Yes
191,165,1,4,AB,O,Wavy,Curly,No,Yes,170,3,AB,Wavy,Yes
190,146,2,2,O,AB,Straight,Curly,Yes,Yes,170,1,AB,Curly,Yes
164,169,4,2,B,AB,Straight,Wavy,Yes,Yes,169,2,AB,Wavy,Yes
193,171,1,1,A,A,Straight,Straight,No,No,173,1,A,Straight,No
191,160,2,3,B,B,Curly,Straight,Yes,Yes,170,1,B,Curly,Yes
161,178,3,2,B,AB,Straight,Straight,No,No,178,3,B,Straight,No
193,171,2,2,B,O,Wavy,Wavy,Yes,No,177,1,B,Wavy,No
161,158,5,4,O,O,Wavy,Wavy,No,No,160,3,O,Wavy,No
170,154,2,2,A,A,Curly,Curly,No,No,163,2,A,Curly,No
166,159,5,2,A,O,Wavy,Straight,Yes,Yes,157,4,A,Wavy,Yes
177,161,3,5,B,A,Wavy,Wavy,Yes,Yes,170,3,AB,Wavy,Yes
169,168,5,3,A,O,Straight,Wavy,Yes,Yes,157,4,A,Wavy,Yes
161,177,5,2,A,A,Wavy,Wavy,No,Yes,174,2,A,Wavy,No
195,161,5,1,O,B,Wavy,Wavy,No,No,169,2,B,Wavy,No
187,166,5,4,O,AB,Wavy,Straight,No,No,185,4,AB,Wavy,No
188,165,2,4,A,B,Wavy,Curly,No,No,180,2,A,Wavy,No
163,172,1,3,O,AB,Wavy,Wavy,Yes,No,165,1,A,Wavy,No
168,153,2,5,AB,O,Wavy,Curly,Yes,Yes,168,3,A,Wavy,Yes
168,147,5,1,A,A,Wavy,Curly,Yes,Yes,154,2,A,Wavy,Yes
170,168,2,4,A,A,Curly,Straight,No,No,173,4,A,Curly,No
191,151,3,3,AB,AB,Straight,Wavy,Yes,No,176,4,AB,Wavy,No
195,150,1,5,AB,O,Curly,Straight,No,Yes,175,3,B,Wavy,No
162,180,4,2,B,B,Wavy,Curly,Yes,No,163,4,B,Wavy,Yes
180,179,3,5,O,O,Straight,Straight,No,Yes,174,5,O,Straight,Yes
195,149,2,5,B,AB,Curly,Curly,Yes,Yes,172,3,A,Curly,Yes
184,161,4,4,B,AB,Straight,Straight,No,Yes,169,3,A,Straight,Yes
173,157,1,5,A,O,Curly,Curly,Yes,Yes,167,4,A,Curly,Yes
163,160,3,4,B,AB,Curly,Curly,Yes,No,157,4,B,Curly,Yes
188,145,4,4,AB,B,Curly,Curly,Yes,No,165,4,AB,Curly,Yes
176,171,4,3,O,B,Straight,Curly,No,No,174,2,B,Wavy,No
159,149,2,4,A,AB,Curly,Straight,No,No,159,3,AB,Curly,No
190,173,3,2,B,AB,Straight,Wavy,Yes,Yes,183,2,B,Wavy,Yes
172,178,3,1,AB,B,Straight,Curly,Yes,No,172,2,A,Wavy,Yes
187,179,3,1,A,O,Curly,Straight,Yes,No,182,2,A,Wavy,Yes
161,159,4,5,B,O,Wavy,Straight,No,Yes,161,4,B,Wavy,Yes
160,155,4,3,A,A,Curly,Wavy,No,Yes,161,3,A,Wavy,Yes
192,145,3,2,B,A,Curly,Wavy,No,No,165,3,A,Wavy,No
170,158,1,4,AB,AB,Curly,Straight,Yes,No,160,1,B,Curly,Yes
170,148,4,1,AB,O,Wavy,Wavy,Yes,Yes,164,2,B,Wavy,Yes
159,173,1,3,AB,AB,Curly,Wavy,Yes,Yes,166,2,AB,Wavy,Yes
164,150,1,5,O,O,Curly,Straight,No,No,154,3,O,Curly,No
172,154,2,4,AB,AB,Wavy,Curly,No,Yes,163,4,A,Wavy,Yes
178,146,2,3,A,B,Curly,Straight,Yes,Yes,161,2,AB,Wavy,Yes
190,145,4,2,B,B,Wavy,Straight,Yes,Yes,171,3,B,Wavy,Yes
173,152,4,1,B,A,Straight,Curly,No,No,164,1,B,Curly,No
167,174,2,3,B,B,Straight,Curly,Yes,No,166,2,B,Curly,Yes
176,146,3,4,O,AB,Curly,Curly,No,No,158,2,B,Curly,No
168,168,3,2,AB,B,Straight,Curly,No,No,166,2,AB,Curly,No
185,163,2,4,O,B,Curly,Straight,No,Yes,172,3,B,Curly,No
195,179,1,2,O,B,Wavy,Wavy,No,No,195,2,B,Wavy,No
162,170,2,4,AB,A,Straight,Straight,Yes,Yes,163,2,AB,Straight,Yes
195,151,3,2,AB,AB,Wavy,Wavy,No,No,160,3,A,Wavy,No
164,169,4,3,O,B,Straight,Wavy,Yes,No,165,3,B,Wavy,No
162,147,3,3,O,B,Straight,Straight,Yes,No,156,4,B,Straight,Yes
193,157,2,3,O,B,Wavy,Curly,No,No,175,3,B,Wavy,No
183,172,3,3,AB,O,Curly,Curly,No,No,182,2,AB,Curly,No
188,173,5,2,AB,AB,Straight,Wavy,No,Yes,173,3,AB,Wavy,Yes
188,145,5,1,A,A,Straight,Straight,Yes,Yes,166,3,A,Straight,Yes
160,156,5,3,A,O,Straight,Straight,Yes,No,150,4,A,Straight,Yes
166,173,4,5,AB,O,Wavy,Straight,Yes,No,161,5,A,Wavy,Yes
184,180,2,1,O,A,Curly,Curly,Yes,No,184,1,A,Curly,Yes
160,145,4,1,A,AB,Straight,Curly,No,Yes,155,1,B,Wavy,No
184,176,3,2,O,AB,Wavy,Wavy,Yes,Yes,177,1,AB,Wavy,Yes
166,152,4,3,AB,O,Wavy,Wavy,No,No,160,2,AB,Wavy,No
188,170,2,5,B,B,Wavy,Wavy,Yes,No,173,2,B,Wavy,No
173,177,2,5,AB,AB,Straight,Curly,Yes,Yes,166,4,B,Curly,Yes
172,153,5,5,B,A,Straight,Curly,No,No,161,4,B,Curly,No
176,176,4,3,A,AB,Straight,Straight,No,No,173,2,B,Straight,No
195,162,2,5,B,AB,Curly,Wavy,Yes,No,185,2,AB,Wavy,No
155,155,3,2,AB,O,Straight,Straight,Yes,No,156,3,A,Straight,No
156,171,4,5,O,AB,Straight,Wavy,No,Yes,162,5,B,Wavy,No
168,179,2,3,A,O,Straight,Straight,Yes,Yes,172,2,A,Straight,Yes
191,158,5,3,O,A,Curly,Wavy,No,No,177,3,A,Wavy,No
167,168,5,4,B,A,Curly,Curly,Yes,Yes,164,5,A,Curly,Yes
156,169,1,3,A,A,Curly,Curly,No,No,159,1,A,Curly,No
171,162,3,5,AB,A,Wavy,Straight,Yes,Yes,169,3,A,Wavy,Yes
167,175,5,4,A,B,Curly,Wavy,Yes,Yes,174,4,A,Wavy,Yes
188,148,4,2,A,AB,Wavy,Wavy,No,Yes,170,3,B,Wavy,Yes
177,180,4,1,B,B,Curly,Curly,No,Yes,181,1,B,Curly,No
186,153,5,1,AB,O,Wavy,Curly,No,Yes,170,3,A,Wavy,Yes
189,163,5,2,B,AB,Straight,Curly,Yes,No,174,3,A,Wavy,Yes
159,174,2,2,O,B,Straight,Wavy,Yes,Yes,170,2,B,Wavy,Yes
183,170,2,1,A,B,Wavy,Straight,Yes,No,171,1,B,Wavy,No
184,160,5,3,AB,A,Wavy,Wavy,Yes,No,176,3,AB,Wavy,Yes
179,151,2,4,AB,B,Curly,Wavy,No,Yes,172,2,AB,Wavy,Yes
187,150,1,2,B,A,Straight,Wavy,Yes,No,165,1,AB,Wavy,Yes
180,165,4,4,B,O,Curly,Wavy,No,Yes,173,3,B,Wavy,No
186,176,3,4,AB,AB,Straight,Curly,No,Yes,171,2,B,Curly,No
193,158,5,3,O,A,Curly,Curly,Yes,Yes,174,4,A,Curly,Yes
174,174,5,5,B,B,Curly,Straight,No,Yes,177,5,B,Wavy,No
186,154,1,3,A,AB,Curly,Straight,Yes,No,175,1,AB,Curly,No
176,150,3,4,O,A,Curly,Wavy,Yes,Yes,166,3,A,Wavy,Yes
176,159,4,5,O,O,Straight,Wavy,Yes,No,162,5,O,Wavy,No
174,177,5,4,AB,O,Wavy,Wavy,No,No,180,4,AB,Wavy,No
158,177,4,4,AB,A,Straight,Curly,Yes,Yes,171,4,A,Curly,Yes
170,158,2,5,AB,O,Straight,Straight,No,No,159,2,A,Straight,No
159,175,2,2,A,B,Wavy,Straight,Yes,Yes,184,3,AB,Wavy,Yes
156,177,1,1,B,A,Wavy,Straight,Yes,Yes,162,2,AB,Wavy,Yes
172,165,1,3,B,B,Straight,Wavy,Yes,No,182,2,B,Wavy,Yes
188,147,4,1,AB,A,Wavy,Curly,Yes,No,170,2,A,Wavy,Yes
195,179,4,4,B,AB,Straight,Straight,Yes,No,180,4,A,Straight,Yes
161,156,5,1,A,A,Straight,Curly,No,Yes,153,2,A,Wavy,No
158,152,1,3,AB,A,Curly,Curly,Yes,Yes,147,3,AB,Curly,Yes
157,179,1,4,AB,A,Curly,Straight,No,No,159,2,B,Wavy,No
157,178,4,5,B,O,Straight,Wavy,No,Yes,164,3,B,Wavy,No
192,153,4,3,O,A,Straight,Wavy,No,No,172,3,A,Wavy,No
187,158,5,2,O,AB,Wavy,Straight,No,No,179,4,B,Wavy,No
184,163,2,4,A,A,Straight,Wavy,Yes,No,178,2,A,Wavy,Yes
158,168,1,2,B,O,Curly,Wavy,Yes,Yes,160,2,B,Wavy,Yes
162,156,5,1,B,O,Curly,Wavy,Yes,No,160,3,B,Wavy,Yes
185,151,3,2,AB,AB,Straight,Curly,No,Yes,163,1,A,Curly,Yes
195,164,1,2,AB,O,Straight,Wavy,Yes,No,180,2,B,Wavy,Yes
183,176,3,3,A,A,Straight,Straight,No,Yes,183,2,A,Straight,No
171,165,1,1,A,AB,Straight,Wavy,No,No,166,2,B,Wavy,No
155,158,1,2,A,O,Wavy,Curly,No,No,156,1,A,Wavy,No
182,146,1,1,O,B,Curly,Straight,Yes,Yes,165,1,B,Curly,Yes
178,151,2,2,B,AB,Straight,Straight,No,No,162,1,A,Straight,No
193,148,1,5,O,A,Straight,Curly,No,Yes,168,4,A,Curly,No
179,167,3,5,B,AB,Curly,Straight,Yes,Yes,170,3,A,Wavy,Yes
156,160,1,5,O,O,Curly,Curly,No,Yes,161,2,O,Curly,Yes
189,153,1,2,B,O,Curly,Straight,No,Yes,170,1,B,Curly,Yes
158,157,2,4,A,O,Straight,Straight,No,Yes,146,2,A,Straight,No
178,168,3,2,O,O,Straight,Straight,Yes,No,167,1,O,Straight,Yes
156,146,4,1,AB,O,Straight,Straight,No,Yes,154,1,A,Straight,Yes
174,153,2,3,A,B,Straight,Straight,Yes,No,153,2,AB,Straight,No
160,166,4,2,A,O,Curly,Straight,No,No,169,3,A,Wavy,No
156,149,4,3,A,B,Straight,Curly,Yes,No,153,4,A,Curly,No
180,172,4,5,O,B,Straight,Straight,Yes,No,176,4,B,Straight,No
195,160,5,1,AB,AB,Wavy,Straight,No,No,167,4,A,Wavy,No
155,166,4,1,A,B,Curly,Straight,Yes,No,166,1,O,Wavy,No
162,145,2,2,AB,AB,Straight,Wavy,No,No,142,1,AB,Wavy,No
190,145,4,4,B,A,Curly,Wavy,Yes,No,177,4,B,Wavy,Yes
195,161,3,5,O,A,Wavy,Curly,No,No,174,3,A,Wavy,No
168,179,2,5,AB,AB,Wavy,Curly,Yes,No,169,3,B,Wavy,Yes
165,150,3,4,A,A,Wavy,Wavy,Yes,Yes,157,2,A,Wavy,Yes
188,166,1,4,O,O,Wavy,Straight,Yes,No,179,2,O,Wavy,No
166,149,2,4,A,O,Curly,Wavy,No,No,150,2,A,Wavy,No
156,174,4,1,B,B,Straight,Wavy,Yes,Yes,169,1,B,Wavy,Yes
164,149,3,1,B,O,Curly,Wavy,No,No,153,3,B,Wavy,No
174,175,4,3,A,B,Curly,Straight,Yes,Yes,172,4,AB,Wavy,Yes
168,171,1,1,O,O,Straight,Straight,No,No,178,1,O,Straight,No
162,158,5,1,O,O,Wavy,Curly,No,Yes,151,4,O,Wavy,Yes
177,179,5,5,AB,AB,Straight,Curly,No,Yes,170,4,A,Curly,No
165,176,1,4,A,O,Curly,Wavy,Yes,Yes,165,1,A,Wavy,Yes
168,165,1,2,A,O,Curly,Curly,Yes,No,171,2,A,Curly,Yes
181,152,2,3,AB,B,Straight,Straight,No,No,171,2,AB,Straight,No
178,159,4,4,A,A,Straight,Wavy,Yes,Yes,163,4,A,Wavy,Yes
157,159,2,1,B,AB,Curly,Straight,Yes,Yes,163,2,B,Wavy,Yes
175,146,4,1,O,AB,Curly,Curly,Yes,Yes,156,2,AB,Curly,Yes
186,165,5,1,O,A,Curly,Curly,Yes,Yes,177,3,A,Curly,Yes
189,160,3,5,AB,B,Straight,Curly,No,No,177,3,B,Wavy,No
162,149,1,3,A,AB,Straight,Straight,Yes,No,161,3,B,Straight,No
173,159,5,4,B,AB,Curly,Curly,No,No,162,5,B,Curly,No
164,173,2,4,AB,A,Curly,Curly,Yes,Yes,160,4,B,Curly,Yes
169,177,3,2,AB,AB,Wavy,Curly,Yes,No,174,2,AB,Wavy,No
184,158,3,5,B,AB,Curly,Straight,Yes,Yes,171,4,AB,Curly,Yes
161,151,5,5,B,B,Curly,Curly,No,Yes,151,4,B,Curly,Yes
172,173,5,2,O,AB,Curly,Wavy,Yes,Yes,174,2,AB,Wavy,Yes
178,177,4,3,B,AB,Wavy,Wavy,No,No,187,2,B,Wavy,No
159,179,5,4,A,B,Straight,Straight,Yes,Yes,170,3,AB,Straight,Yes
185,178,3,5,O,A,Straight,Straight,Yes,No,175,5,A,Straight,Yes
187,156,4,3,A,A,Straight,Straight,No,No,172,3,A,Straight,No
172,175,3,5,AB,AB,Wavy,Wavy,Yes,No,173,3,B,Wavy,Yes
191,154,5,1,AB,A,Straight,Wavy,No,No,174,3,A,Wavy,No
175,154,1,1,AB,A,Straight,Wavy,No,No,171,2,AB,Wavy,No
175,167,4,4,AB,B,Curly,Wavy,Yes,No,163,4,A,Wavy,Yes
175,179,5,5,A,O,Curly,Wavy,No,No,177,4,A,Wavy,No
171,177,5,2,AB,B,Curly,Straight,Yes,No,174,4,AB,Wavy,Yes
181,177,5,2,A,B,Wavy,Curly,No,No,176,4,AB,Wavy,No
191,152,4,2,A,B,Wavy,Curly,No,Yes,167,3,A,Wavy,No
193,159,5,2,AB,B,Straight,Wavy,Yes,No,178,2,A,Wavy,No
184,174,2,4,AB,B,Wavy,Wavy,No,Yes,185,2,A,Wavy,No
158,150,3,3,A,AB,Wavy,Curly,Yes,No,155,2,AB,Wavy,Yes
195,145,5,2,A,B,Straight,Straight,No,Yes,168,4,AB,Straight,No
155,161,2,1,B,O,Straight,Wavy,No,Yes,150,1,B,Wavy,Yes
164,157,3,4,O,O,Curly,Wavy,Yes,No,160,3,O,Wavy,No
193,155,3,3,AB,O,Wavy,Wavy,Yes,No,168,4,A,Wavy,Yes
157,173,4,4,B,A,Straight,Wavy,Yes,No,166,5,AB,Wavy,No
175,156,2,5,AB,A,Curly,Curly,Yes,No,161,3,B,Curly,No
190,176,2,3,B,A,Straight,Curly,Yes,Yes,191,3,B,Wavy,Yes
166,145,3,4,B,O,Straight,Straight,Yes,Yes,152,4,B,Straight,Yes
191,170,1,1,AB,B,Straight,Curly,No,Yes,184,1,A,Wavy,Yes
178,165,2,3,AB,A,Curly,Wavy,Yes,No,167,3,B,Wavy,Yes
183,148,5,1,O,O,Straight,Curly,Yes,Yes,159,2,O,Wavy,Yes
179,163,1,4,AB,B,Straight,Straight,No,Yes,177,2,B,Straight,No
189,175,2,3,A,AB,Wavy,Curly,Yes,No,191,1,A,Wavy,No
158,179,5,4,B,O,Curly,Straight,Yes,Yes,171,5,B,Wavy,Yes
181,172,2,3,AB,O,Straight,Straight,No,Yes,179,3,AB,Straight,Yes
174,146,5,2,O,A,Wavy,Wavy,No,No,152,4,A,Wavy,No
171,176,3,4,A,A,Curly,Curly,No,No,175,4,A,Curly,No
163,176,1,4,O,O,Curly,Wavy,Yes,Yes,169,2,O,Wavy,Yes
158,154,2,5,B,AB,Curly,Straight,No,No,155,3,AB,Wavy,No
194,157,1,3,B,AB,Curly,Curly,Yes,Yes,172,2,A,Curly,Yes
193,170,3,4,O,O,Wavy,Wavy,No,Yes,178,3,O,Wavy,Yes
165,158,2,4,A,B,Straight,Wavy,No,Yes,158,4,AB,Wavy,No
194,166,3,1,A,B,Straight,Curly,Yes,No,175,1,B,Wavy,No
173,169,2,2,O,A,Straight,Straight,No,No,168,1,A,Straight,No
177,170,2,4,O,O,Curly,Straight,Yes,No,179,4,O,Curly,No
175,169,5,1,A,B,Straight,Wavy,No,Yes,166,3,A,Wavy,Yes
191,146,4,1,O,O,Straight,Curly,Yes,Yes,167,1,O,Wavy,Yes
159,154,5,5,AB,O,Straight,Straight,Yes,Yes,151,4,A,Straight,Yes
193,177,3,3,A,AB,Wavy,Straight,Yes,No,191,3,B,Wavy,No
167,151,4,3,O,AB,Straight,Straight,No,No,162,4,AB,Straight,No
176,145,2,1,A,AB,Wavy,Curly,Yes,Yes,158,1,A,Wavy,Yes
195,153,4,1,AB,B,Curly,Wavy,No,No,169,3,B,Wavy,No
158,180,4,1,AB,B,Straight,Straight,Yes,Yes,160,1,AB,Straight,Yes
171,180,4,1,A,AB,Straight,Wavy,Yes,Yes,167,1,A,Wavy,Yes
190,176,3,1,AB,O,Curly,Straight,No,Yes,185,3,B,Wavy,No
174,169,5,1,O,A,Wavy,Curly,Yes,No,161,2,A,Wavy,No
167,168,4,5,A,B,Curly,Wavy,No,No,169,4,B,Wavy,No
181,157,4,3,AB,B,Curly,Curly,Yes,No,169,2,AB,Curly,No
188,170,5,3,AB,O,Curly,Wavy,Yes,Yes,187,4,A,Wavy,Yes
170,180,5,4,O,AB,Straight,Straight,Yes,Yes,172,5,AB,Straight,Yes
162,164,5,3,O,A,Wavy,Wavy,No,No,164,5,A,Wavy,No
178,172,2,4,AB,AB,Straight,Curly,No,Yes,168,3,AB,Wavy,Yes
185,166,3,5,AB,O,Straight,Straight,Yes,Yes,173,3,AB,Straight,Yes
195,148,1,3,AB,AB,Curly,Curly,No,Yes,165,3,A,Curly,Yes
156,145,2,5,AB,B,Curly,Wavy,Yes,No,150,2,B,Wavy,No
159,160,5,5,AB,AB,Wavy,Straight,No,Yes,161,5,AB,Wavy,No
181,162,1,4,AB,A,Curly,Curly,Yes,Yes,164,3,A,Curly,Yes
155,162,4,4,O,A,Wavy,Straight,Yes,Yes,157,3,A,Wavy,Yes
175,174,1,2,B,O,Wavy,Wavy,No,No,171,1,B,Wavy,No
180,163,2,4,O,AB,Wavy,Curly,Yes,Yes,169,3,B,Wavy,Yes
194,178,5,1,A,AB,Wavy,Wavy,No,Yes,191,3,AB,Wavy,Yes
155,165,5,5,B,AB,Curly,Curly,Yes,No,158,5,AB,Curly,No
156,166,3,4,O,AB,Curly,Wavy,No,No,168,2,AB,Wavy,No
155,162,4,3,AB,O,Curly,Straight,No,Yes,159,4,B,Wavy,No
181,160,1,3,A,B,Curly,Curly,No,Yes,175,3,B,Curly,Yes
180,160,4,1,O,O,Straight,Straight,No,Yes,164,1,O,Straight,Yes
158,163,5,4,AB,B,Wavy,Wavy,Yes,No,157,4,AB,Wavy,No
161,162,2,5,B,AB,Straight,Wavy,Yes,Yes,168,2,A,Wavy,Yes
194,157,5,5,A,O,Curly,Straight,No,Yes,173,5,A,Wavy,No
159,155,1,3,O,AB,Straight,Straight,No,No,166,3,AB,Straight,No
183,169,5,2,A,B,Wavy,Wavy,Yes,Yes,176,3,A,Wavy,Yes
172,148,2,3,A,B,Curly,Curly,No,No,151,1,AB,Curly,No
174,167,2,3,A,A,Curly,Curly,No,Yes,174,2,A,Curly,Yes
189,172,4,2,AB,AB,Curly,Straight,No,Yes,180,2,AB,Curly,No
172,146,5,5,AB,O,Wavy,Straight,No,Yes,161,5,AB,Wavy,Yes
157,162,1,5,A,B,Curly,Wavy,Yes,No,155,4,B,Wavy,Yes
159,159,2,4,A,AB,Wavy,Curly,Yes,No,157,2,B,Wavy,No
170,167,2,2,O,AB,Straight,Straight,No,No,178,2,AB,Straight,No
167,161,5,5,O,A,Straight,Wavy,Yes,Yes,170,5,A,Wavy,Yes
166,154,3,3,O,B,Straight,Wavy,Yes,Yes,161,2,B,Wavy,Yes
167,178,1,4,A,AB,Straight,Straight,No,No,175,2,AB,Straight,No
191,149,5,5,AB,AB,Curly,Straight,Yes,Yes,161,4,AB,Wavy,Yes
165,165,3,4,O,AB,Straight,Straight,No,Yes,153,2,AB,Straight,Yes
189,180,3,4,O,O,Curly,Curly,No,Yes,192,3,O,Curly,No
163,166,4,3,AB,O,Wavy,Straight,Yes,No,170,2,A,Wavy,Yes
157,169,3,1,B,AB,Straight,Wavy,Yes,No,165,2,B,Wavy,No
181,171,1,5,O,O,Straight,Curly,No,No,177,4,O,Curly,No
186,148,4,3,B,AB,Straight,Wavy,No,No,161,3,B,Wavy,No
163,180,3,2,AB,B,Curly,Wavy,Yes,No,167,3,B,Wavy,Yes
167,171,4,2,B,AB,Wavy,Curly,Yes,No,169,3,A,Wavy,No
183,177,1,5,B,A,Curly,Wavy,No,Yes,184,2,B,Wavy,Yes
172,176,3,3,AB,O,Straight,Straight,No,No,173,4,A,Straight,No
156,180,2,5,B,A,Curly,Straight,Yes,Yes,164,4,A,Curly,Yes
180,149,2,1,B,B,Curly,Straight,No,No,155,1,B,Curly,No
167,172,3,1,A,O,Straight,Straight,Yes,Yes,173,2,A,Straight,Yes
164,161,2,5,O,AB,Wavy,Curly,No,No,163,2,A,Wavy,No
167,172,5,5,O,A,Straight,Wavy,No,Yes,174,5,A,Wavy,No
157,145,2,5,A,A,Curly,Straight,Yes,No,147,3,A,Wavy,Yes
195,166,1,5,A,O,Straight,Wavy,No,Yes,180,2,A,Wavy,No
177,179,1,5,A,A,Curly,Wavy,Yes,No,183,4,A,Wavy,No
161,154,5,1,AB,B,Straight,Wavy,Yes,Yes,166,2,B,Wavy,Yes
194,151,2,1,O,B,Wavy,Straight,No,No,170,1,B,Wavy,No
159,166,4,1,AB,B,Straight,Wavy,No,No,167,1,AB,Wavy,No
168,175,4,5,AB,A,Curly,Straight,No,No,158,4,B,Wavy,No
177,154,1,1,O,A,Curly,Straight,Yes,Yes,166,1,A,Curly,Yes
162,171,1,4,B,O,Straight,Curly,No,No,158,1,B,Curly,No
179,156,3,2,AB,B,Straight,Straight,No,No,165,3,AB,Straight,No
189,180,2,2,A,O,Straight,Curly,Yes,No,188,3,A,Wavy,No
184,175,5,2,B,A,Straight,Curly,Yes,No,175,4,A,Curly,No
184,176,3,2,A,A,Straight,Curly,No,Yes,188,2,A,Wavy,Yes
178,173,1,4,A,A,Straight,Wavy,No,No,184,1,A,Wavy,No
157,159,4,5,B,A,Straight,Curly,Yes,No,161,4,AB,Wavy,No
167,153,1,1,B,AB,Curly,Curly,No,No,158,1,AB,Curly,No
186,166,4,1,A,AB,Straight,Straight,Yes,No,179,2,AB,Straight,Yes
186,154,2,5,O,O,Straight,Curly,No,No,169,4,O,Wavy,No
194,172,1,2,AB,AB,Wavy,Curly,No,No,188,2,A,Wavy,No
159,158,4,1,AB,O,Curly,Straight,No,No,161,3,A,Curly,No
175,176,3,5,A,B,Curly,Straight,Yes,No,166,4,B,Curly,Yes
170,147,3,4,O,O,Curly,Straight,Yes,No,153,3,O,Curly,Yes
190,163,3,5,A,B,Curly,Wavy,Yes,Yes,178,3,O,Wavy,Yes
185,163,3,4,B,A,Straight,Straight,No,Yes,175,3,B,Straight,Yes
187,157,2,1,B,O,Curly,Curly,No,No,175,2,B,Curly,No
180,168,4,5,B,O,Wavy,Wavy,Yes,No,173,5,B,Wavy,No
177,157,4,5,A,A,Curly,Straight,No,Yes,181,3,A,Wavy,Yes
183,174,1,1,AB,A,Straight,Wavy,No,No,177,1,B,Wavy,No
195,150,5,2,O,B,Curly,Wavy,No,Yes,162,3,B,Wavy,No
188,163,5,3,O,A,Wavy,Straight,Yes,Yes,183,3,A,Wavy,Yes
184,173,3,1,O,A,Straight,Wavy,Yes,No,172,3,A,Wavy,Yes
177,155,3,1,O,O,Curly,Straight,Yes,No,161,1,O,Curly,Yes
193,164,1,2,O,O,Curly,Wavy,Yes,Yes,181,1,O,Wavy,Yes
190,163,3,2,B,A,Wavy,Wavy,No,Yes,175,3,AB,Wavy,Yes
177,161,2,3,AB,B,Straight,Straight,No,No,171,1,B,Straight,No
176,174,1,4,O,A,Straight,Straight,No,No,171,3,A,Straight,No
195,177,4,5,O,B,Curly,Straight,Yes,No,191,5,B,Wavy,Yes
174,171,3,4,AB,B,Straight,Wavy,Yes,Yes,177,4,A,Wavy,Yes
173,158,3,1,B,AB,Straight,Curly,No,No,165,1,B,Curly,No
167,166,5,3,AB,AB,Curly,Wavy,Yes,No,179,4,AB,Wavy,Yes
183,168,1,4,AB,O,Straight,Straight,Yes,No,178,1,AB,Straight,No
177,167,1,5,B,O,Straight,Wavy,Yes,Yes,171,2,B,Wavy,Yes
179,155,2,4,B,AB,Curly,Curly,Yes,No,175,3,A,Curly,No
184,158,4,1,O,A,Curly,Straight,No,Yes,168,2,A,Wavy,Yes
167,155,5,5,A,O,Curly,Wavy,No,No,160,4,A,Wavy,No
165,175,4,4,AB,O,Straight,Wavy,Yes,Yes,162,4,AB,Wavy,Yes
193,177,2,4,O,A,Curly,Curly,Yes,Yes,184,4,A,Curly,Yes
190,170,4,5,B,A,Curly,Wavy,Yes,Yes,175,3,O,Wavy,Yes
162,151,2,2,B,O,Straight,Curly,Yes,No,155,3,B,Curly,Yes
179,148,3,1,A,AB,Straight,Straight,No,Yes,168,3,AB,Straight,No
173,152,2,1,O,B,Curly,Straight,Yes,No,161,2,B,Wavy,No
156,172,2,3,B,AB,Curly,Curly,Yes,Yes,160,1,AB,Curly,Yes
189,171,2,2,O,O,Straight,Wavy,Yes,No,186,3,O,Wavy,Yes
193,153,4,4,AB,B,Curly,Curly,No,Yes,174,3,AB,Curly,Yes
193,169,1,5,O,O,Wavy,Curly,Yes,No,180,2,O,Wavy,No
183,170,3,1,AB,AB,Wavy,Straight,Yes,No,179,3,B,Wavy,No
179,154,1,4,B,A,Wavy,Wavy,No,No,169,2,A,Wavy,No
162,168,1,4,O,O,Straight,Wavy,Yes,Yes,158,1,O,Wavy,Yes
188,177,2,1,A,A,Curly,Wavy,Yes,No,187,2,A,Wavy,Yes
182,174,5,3,A,A,Straight,Straight,No,Yes,178,5,A,Straight,No
185,180,5,4,O,B,Straight,Straight,Yes,No,186,3,B,Straight,Yes
162,147,3,2,B,A,Wavy,Wavy,Yes,No,162,1,O,Wavy,No
165,157,1,2,B,A,Wavy,Curly,No,No,161,2,AB,Wavy,No
178,179,3,5,B,AB,Wavy,Curly,No,No,177,5,AB,Wavy,No
185,150,3,3,B,B,Straight,Wavy,No,No,165,4,B,Wavy,No
162,173,1,3,A,A,Curly,Wavy,No,No,160,3,A,Wavy,No
171,161,2,4,O,B,Curly,Straight,Yes,No,168,3,B,Wavy,No
173,149,1,2,AB,A,Curly,Straight,No,Yes,166,1,B,Curly,Yes
192,147,2,2,A,AB,Straight,Wavy,Yes,Yes,165,3,B,Wavy,Yes
186,176,4,5,A,O,Straight,Curly,No,No,179,3,A,Wavy,No
190,179,3,5,AB,B,Wavy,Straight,No,Yes,178,4,B,Wavy,Yes
166,149,5,3,AB,B,Curly,Straight,No,Yes,161,3,B,Wavy,No
191,161,3,2,A,A,Curly,Curly,No,No,173,1,A,Curly,No
155,163,1,3,A,A,Wavy,Straight,No,Yes,164,2,A,Wavy,Yes
179,159,3,1,AB,A,Wavy,Straight,No,Yes,166,2,A,Wavy,Yes
192,152,1,4,O,O,Straight,Wavy,Yes,No,176,1,O,Wavy,Yes
182,150,5,2,O,O,Curly,Wavy,No,Yes,174,4,O,Wavy,No
158,145,4,2,B,AB,Curly,Curly,Yes,Yes,156,2,AB,Curly,Yes
182,163,5,5,B,O,Curly,Curly,No,No,165,4,B,Curly,No
158,150,1,4,B,O,Wavy,Wavy,No,Yes,152,1,B,Wavy,Yes
176,147,3,1,B,B,Straight,Wavy,No,Yes,146,1,B,Wavy,Yes
158,171,3,3,O,O,Straight,Straight,No,No,168,3,O,Straight,No
177,162,1,2,A,B,Straight,Straight,Yes,No,163,2,B,Straight,Yes
181,169,5,4,A,B,Wavy,Straight,No,Yes,170,5,O,Wavy,No
160,162,3,5,B,A,Straight,Wavy,No,Yes,154,3,O,Wavy,Yes
184,165,1,4,AB,O,Wavy,Curly,No,Yes,165,2,AB,Wavy,No
191,159,5,1,AB,A,Straight,Curly,Yes,No,183,3,B,Curly,No
155,177,4,5,AB,B,Curly,Wavy,No,Yes,161,3,AB,Wavy,No
187,150,3,2,B,O,Straight,Curly,No,No,171,1,B,Curly,No
178,157,4,1,O,A,Wavy,Wavy,No,Yes,169,2,A,Wavy,Yes
166,151,5,4,O,B,Wavy,Straight,Yes,No,160,4,B,Wavy,Yes
180,180,4,2,O,O,Wavy,Wavy,Yes,Yes,189,2,O,Wavy,Yes
174,169,2,5,AB,B,Straight,Straight,No,No,165,3,AB,Straight,No
182,177,3,4,A,B,Straight,Curly,Yes,Yes,183,4,A,Curly,Yes
182,148,4,4,A,B,Wavy,Wavy,Yes,No,168,3,B,Wavy,Yes
186,178,4,1,AB,A,Curly,Straight,No,Yes,181,1,B,Wavy,Yes
180,169,1,1,B,AB,Wavy,Curly,No,No,173,2,AB,Wavy,No
182,176,1,4,O,A,Wavy,Curly,Yes,No,165,2,A,Wavy,No
173,155,5,4,AB,B,Straight,Straight,No,Yes,157,5,A,Straight,Yes
195,179,4,1,A,AB,Straight,Wavy,No,Yes,194,1,AB,Wavy,Yes
174,146,5,3,B,AB,Curly,Wavy,Yes,No,155,3,AB,Wavy,No
180,151,5,4,A,AB,Curly,Straight,Yes,No,174,5,B,Wavy,No
177,166,5,4,AB,A,Wavy,Straight,No,No,171,3,AB,Wavy,No
180,161,3,4,O,O,Straight,Curly,No,No,170,2,O,Wavy,No
155,175,3,2,O,O,Wavy,Curly,No,No,163,2,O,Wavy,No
181,157,3,4,B,A,Wavy,Straight,No,No,170,2,AB,Wavy,No
162,177,3,5,A,A,Straight,Wavy,Yes,No,169,3,A,Wavy,No
175,153,1,3,AB,AB,Straight,Straight,No,No,153,3,AB,Straight,No
171,163,4,2,O,AB,Wavy,Wavy,Yes,Yes,176,2,A,Wavy,Yes
166,147,3,3,A,O,Straight,Wavy,Yes,Yes,150,4,A,Wavy,Yes
172,152,3,4,AB,O,Curly,Curly,Yes,No,167,3,AB,Curly,No
162,175,3,5,A,A,Straight,Wavy,Yes,Yes,171,3,A,Wavy,Yes
158,167,2,3,B,O,Curly,Wavy,Yes,Yes,156,2,B,Wavy,Yes
179,176,3,1,O,B,Wavy,Curly,Yes,No,189,1,B,Wavy,Yes
190,175,4,5,O,B,Curly,Straight,No,Yes,186,4,B,Curly,No
166,161,2,2,A,O,Curly,Curly,No,No,165,1,A,Curly,No
180,180,3,1,O,O,Wavy,Wavy,Yes,Yes,183,3,O,Wavy,Yes
182,146,5,3,O,O,Curly,Curly,Yes,Yes,166,4,O,Curly,Yes
174,160,1,1,A,AB,Straight,Wavy,Yes,No,162,1,B,Wavy,Yes
156,161,3,2,O,A,Curly,Curly,Yes,No,162,3,A,Curly,No
157,154,5,3,A,B,Straight,Straight,Yes,No,158,4,O,Straight,Yes
187,172,3,2,B,B,Wavy,Curly,Yes,Yes,176,1,B,Wavy,Yes
187,159,5,1,O,A,Straight,Wavy,Yes,Yes,169,2,A,Wavy,Yes
177,146,5,4,AB,B,Wavy,Wavy,No,Yes,159,4,A,Wavy,No
183,163,1,1,B,A,Curly,Wavy,No,Yes,171,1,AB,Wavy,No
183,163,2,1,B,O,Curly,Wavy,Yes,No,168,1,B,Wavy,Yes
190,164,5,3,AB,AB,Wavy,Wavy,Yes,No,174,3,AB,Wavy,No
168,159,1,3,AB,A,Straight,Wavy,Yes,No,163,2,A,Wavy,Yes
180,151,5,5,O,B,Curly,Straight,Yes,No,166,4,B,Curly,No
162,151,4,1,O,A,Straight,Wavy,No,Yes,152,2,A,Wavy,Yes
193,159,1,4,O,A,Straight,Curly,No,Yes,173,3,A,Curly,Yes
191,171,4,1,A,B,Straight,Wavy,Yes,No,181,3,A,Wavy,Yes
194,168,2,1,A,AB,Wavy,Wavy,No,No,186,1,AB,Wavy,No
159,175,4,3,A,A,Curly,Curly,No,No,169,4,A,Curly,No
180,167,4,2,B,O,Straight,Curly,No,No,169,3,B,Curly,No
185,157,5,4,B,A,Curly,Wavy,Yes,Yes,166,3,AB,Wavy,Yes
157,177,4,4,B,A,Wavy,Curly,Yes,Yes,168,4,O,Wavy,Yes
162,170,1,5,B,AB,Curly,Straight,Yes,No,173,2,A,Curly,No
179,156,1,1,O,A,Wavy,Curly,Yes,Yes,170,1,A,Wavy,Yes
183,172,5,3,O,O,Wavy,Curly,Yes,No,172,4,O,Wavy,No
163,171,2,5,O,AB,Curly,Wavy,No,No,172,2,AB,Wavy,No
184,180,4,2,AB,O,Straight,Curly,Yes,No,184,3,A,Curly,Yes
157,159,2,1,B,O,Curly,Curly,No,No,160,2,B,Curly,No
180,158,2,3,B,B,Straight,Straight,No,No,158,1,B,Straight,No
165,153,1,5,O,AB,Wavy,Wavy,No,No,161,2,B,Wavy,No
180,166,1,5,A,B,Straight,Straight,Yes,No,176,3,A,Straight,Yes
156,160,4,1,B,A,Straight,Curly,Yes,No,147,2,B,Curly,No
191,152,2,5,O,B,Curly,Wavy,Yes,No,176,2,B,Wavy,No
159,153,4,2,O,A,Curly,Straight,No,No,161,4,A,Wavy,No
159,160,2,4,A,O,Curly,Curly,Yes,No,160,3,A,Curly,No
177,166,3,2,O,A,Curly,Curly,Yes,Yes,174,3,A,Curly,Yes
160,161,3,2,A,B,Straight,Straight,Yes,Yes,160,1,O,Straight,Yes
155,162,5,1,A,AB,Wavy,Wavy,Yes,Yes,159,3,A,Wavy,Yes
170,160,4,1,AB,AB,Curly,Curly,Yes,Yes,170,3,B,Curly,Yes
185,147,4,2,AB,O,Wavy,Curly,Yes,No,165,2,B,Wavy,No
182,160,1,1,AB,B,Straight,Straight,No,Yes,171,1,B,Straight,Yes
194,165,5,5,AB,AB,Wavy,Curly,Yes,Yes,189,5,A,Wavy,Yes
187,147,5,5,AB,B,Curly,Straight,Yes,No,162,5,B,Wavy,No
192,152,4,1,AB,A,Curly,Straight,Yes,No,174,2,AB,Wavy,No
176,160,2,4,O,AB,Straight,Wavy,No,Yes,169,2,B,Wavy,Yes
159,172,3,5,B,O,Wavy,Straight,No,Yes,167,3,B,Wavy,No
185,171,5,3,A,B,Wavy,Curly,Yes,No,180,5,A,Wavy,No
181,167,4,3,A,AB,Curly,Straight,Yes,Yes,177,2,B,Curly,Yes
169,145,5,5,A,A,Curly,Wavy,No,No,155,4,A,Wavy,No
194,160,4,3,B,B,Curly,Straight,Yes,Yes,171,3,B,Curly,Yes
179,171,1,4,A,A,Curly,Wavy,No,Yes,172,3,A,Wavy,Yes
178,163,2,1,AB,A,Curly,Curly,Yes,Yes,161,1,A,Curly,Yes
188,177,3,5,A,O,Wavy,Curly,Yes,Yes,173,5,A,Wavy,Yes
155,153,4,5,A,B,Straight,Wavy,Yes,No,152,4,B,Wavy,Yes
188,150,2,4,AB,O,Straight,Wavy,No,Yes,156,4,B,Wavy,No
155,171,2,4,B,O,Wavy,Straight,No,Yes,156,4,B,Wavy,No
171,170,5,3,B,A,Straight,Straight,No,No,182,4,A,Straight,No
189,166,3,2,B,A,Wavy,Wavy,No,Yes,172,2,O,Wavy,Yes
165,161,4,2,O,B,Straight,Wavy,Yes,No,157,4,B,Wavy,Yes
161,151,5,2,AB,O,Straight,Wavy,No,No,163,2,AB,Wavy,No
181,167,5,5,B,B,Curly,Wavy,Yes,No,170,5,B,Wavy,No
182,152,4,4,O,B,Curly,Wavy,Yes,No,163,4,B,Wavy,Yes
157,173,4,2,O,O,Wavy,Curly,Yes,No,166,2,O,Wavy,No
155,151,2,4,O,O,Straight,Wavy,No,Yes,153,2,O,Wavy,Yes
191,159,5,4,A,AB,Curly,Wavy,No,No,181,3,B,Wavy,No
188,178,3,1,B,O,Straight,Straight,No,No,179,1,B,Straight,No
190,166,3,5,B,A,Curly,Straight,No,No,176,3,A,Wavy,No
157,172,3,5,A,O,Curly,Wavy,No,Yes,160,4,A,Wavy,Yes
165,157,3,4,AB,B,Curly,Wavy,No,Yes,158,4,B,Wavy,No
176,151,5,2,O,A,Wavy,Wavy,Yes,No,173,3,A,Wavy,No
179,178,1,3,B,AB,Wavy,Curly,No,Yes,177,1,B,Wavy,Yes
184,180,1,3,AB,O,Wavy,Straight,Yes,No,190,2,B,Wavy,No
178,173,2,2,AB,B,Straight,Straight,Yes,Yes,175,2,A,Straight,Yes
163,154,4,1,O,B,Wavy,Straight,Yes,Yes,162,2,B,Wavy,Yes
175,174,5,3,B,AB,Wavy,Straight,No,No,174,4,AB,Wavy,No
161,151,5,4,A,B,Wavy,Wavy,No,Yes,163,4,B,Wavy,No
171,160,3,4,A,B,Wavy,Wavy,Yes,No,168,2,A,Wavy,No
190,150,3,1,B,O,Straight,Curly,Yes,Yes,178,2,B,Wavy,Yes
173,149,4,5,A,A,Wavy,Straight,No,Yes,159,3,A,Wavy,Yes
155,161,2,5,O,AB,Straight,Wavy,Yes,No,170,4,A,Wavy,Yes
194,174,2,1,A,B,Wavy,Straight,Yes,Yes,183,1,O,Wavy,Yes
166,150,4,4,AB,B,Wavy,Straight,Yes,No,162,4,AB,Wavy,No
175,176,4,5,O,O,Wavy,Straight,No,Yes,181,5,O,Wavy,No
163,159,5,5,AB,A,Straight,Straight,Yes,No,164,4,B,Straight,No
178,174,5,5,AB,AB,Straight,Straight,Yes,Yes,182,4,A,Straight,Yes
180,173,4,2,O,O,Straight,Curly,No,No,178,3,O,Wavy,No
183,163,5,3,A,B,Curly,Straight,No,No,171,5,A,Wavy,No
177,150,1,1,AB,AB,Curly,Straight,No,No,159,1,A,Curly,No
190,172,3,1,B,B,Wavy,Straight,No,Yes,185,3,B,Wavy,No
182,160,5,3,B,AB,Wavy,Straight,No,Yes,174,4,B,Wavy,Yes
169,145,3,2,A,O,Wavy,Straight,No,No,162,2,A,Wavy,No
188,167,1,3,B,B,Wavy,Straight,No,No,187,2,B,Wavy,No
155,159,5,3,A,O,Curly,Wavy,No,Yes,145,3,A,Wavy,Yes
170,156,2,2,AB,AB,Straight,Wavy,No,Yes,165,1,A,Wavy,Yes
185,152,3,5,AB,AB,Wavy,Straight,No,No,170,5,A,Wavy,No
162,171,3,2,O,AB,Straight,Curly,No,Yes,166,2,A,Curly,No
179,178,2,1,B,B,Curly,Curly,Yes,Yes,172,1,B,Curly,Yes
186,151,2,2,AB,A,Straight,Wavy,No,Yes,171,1,A,Wavy,No
176,150,3,2,B,AB,Wavy,Curly,Yes,No,166,1,A,Wavy,No
157,157,1,5,A,B,Straight,Curly,Yes,Yes,160,2,O,Wavy,Yes
165,166,4,4,A,B,Wavy,Straight,Yes,No,158,3,B,Wavy,Yes
190,159,1,2,B,B,Curly,Curly,No,No,167,1,B,Curly,No
161,153,4,2,A,A,Straight,Straight,Yes,Yes,153,3,A,Straight,Yes
190,145,2,3,AB,AB,Curly,Curly,No,Yes,170,3,A,Curly,No
189,167,5,2,B,AB,Wavy,Straight,Yes,Yes,176,3,B,Wavy,Yes
195,148,3,4,A,A,Straight,Curly,No,No,168,2,A,Wavy,No
179,177,2,4,B,O,Wavy,Straight,Yes,Yes,181,2,B,Wavy,Yes
191,168,3,1,B,A,Straight,Straight,No,Yes,177,3,A,Straight,Yes
179,159,2,5,AB,O,Curly,Straight,Yes,Yes,173,3,B,Curly,Yes
177,151,3,4,AB,B,Wavy,Straight,No,Yes,159,4,B,Wavy,No
171,179,5,2,B,A,Straight,Straight,Yes,Yes,168,3,O,Straight,Yes
175,148,1,2,AB,O,Straight,Curly,No,No,165,1,A,Curly,No
180,145,3,1,O,AB,Wavy,Curly,Yes,No,157,2,A,Wavy,No
182,147,3,4,O,O,Wavy,Curly,No,Yes,159,4,O,Wavy,No
155,161,5,4,AB,O,Wavy,Wavy,No,Yes,154,4,AB,Wavy,No
187,180,3,4,AB,A,Curly,Curly,No,No,184,2,B,Curly,No
164,178,4,5,A,AB,Wavy,Curly,Yes,Yes,173,4,AB,Wavy,Yes
159,166,2,3,B,B,Curly,Curly,Yes,No,165,3,B,Curly,No
157,146,5,5,O,A,Wavy,Curly,Yes,No,157,4,A,Wavy,No
194,146,3,2,B,O,Wavy,Wavy,Yes,Yes,160,3,B,Wavy,Yes
175,157,1,5,O,O,Curly,Straight,No,No,160,3,O,Wavy,No
181,159,1,2,O,AB,Curly,Straight,No,Yes,173,1,B,Wavy,Yes
189,174,3,3,AB,AB,Straight,Straight,Yes,Yes,175,2,B,Straight,Yes
168,168,4,1,A,O,Straight,Curly,No,No,176,2,A,Wavy,No
195,178,2,2,O,O,Straight,Straight,No,No,192,1,O,Straight,No
191,153,5,5,B,O,Wavy,Straight,Yes,No,175,4,B,Wavy,Yes
170,177,5,5,B,AB,Wavy,Straight,No,Yes,169,5,B,Wavy,No
158,162,2,1,B,O,Straight,Curly,No,Yes,153,1,B,Wavy,No
159,171,3,1,AB,AB,Straight,Curly,No,Yes,169,3,B,Wavy,No
182,160,3,1,B,AB,Wavy,Straight,Yes,Yes,177,2,AB,Wavy,Yes
184,146,5,1,AB,AB,Curly,Curly,Yes,No,165,4,A,Curly,Yes
160,155,5,4,AB,A,Wavy,Wavy,No,No,153,4,B,Wavy,No
177,150,1,2,A,A,Straight,Wavy,No,No,159,1,A,Wavy,No
171,147,5,2,A,A,Wavy,Straight,Yes,No,166,3,A,Wavy,Yes
170,148,1,4,AB,AB,Curly,Wavy,No,No,156,1,A,Wavy,No
177,147,4,4,O,AB,Curly,Curly,Yes,No,156,4,AB,Curly,Yes
180,151,3,2,B,O,Straight,Wavy,Yes,Yes,166,3,B,Wavy,Yes
183,176,3,4,A,O,Wavy,Straight,No,No,178,2,A,Wavy,No
164,146,2,4,AB,AB,Curly,Wavy,No,No,166,3,AB,Wavy,No
156,158,2,2,A,O,Straight,Curly,No,No,155,1,A,Wavy,No
178,157,3,1,B,B,Curly,Curly,No,Yes,165,3,B,Curly,No
176,159,1,3,O,B,Straight,Curly,No,Yes,162,2,B,Curly,No
183,156,5,5,A,AB,Straight,Straight,Yes,No,167,5,A,Straight,No
170,152,5,3,B,AB,Straight,Wavy,No,Yes,155,3,B,Wavy,No
175,145,1,1,AB,AB,Wavy,Wavy,No,Yes,163,1,A,Wavy,Yes
181,169,2,5,B,A,Straight,Curly,Yes,No,183,3,B,Wavy,No
184,172,1,2,B,AB,Curly,Wavy,No,No,179,1,AB,Wavy,No
190,165,5,2,O,B,Straight,Straight,No,Yes,170,4,B,Straight,No
157,158,3,4,B,B,Curly,Straight,No,Yes,159,2,B,Curly,No
176,178,1,1,AB,B,Straight,Straight,No,No,173,2,B,Straight,No
183,156,2,5,A,B,Wavy,Straight,No,Yes,166,4,AB,Wavy,Yes
161,168,5,3,AB,O,Straight,Straight,Yes,Yes,165,3,B,Straight,Yes
163,174,5,3,B,B,Wavy,Wavy,Yes,No,169,3,B,Wavy,No
182,161,2,4,AB,O,Curly,Curly,No,Yes,170,3,A,Curly,Yes
187,164,2,5,AB,A,Curly,Curly,Yes,No,182,3,A,Curly,Yes
187,175,1,5,O,O,Wavy,Straight,Yes,No,178,2,O,Wavy,Yes
195,173,5,1,AB,A,Wavy,Curly,Yes,Yes,187,4,A,Wavy,Yes
184,157,1,4,AB,AB,Straight,Wavy,No,No,171,3,A,Wavy,No
195,151,1,3,B,B,Wavy,Curly,No,Yes,174,3,B,Wavy,Yes
170,146,5,4,AB,AB,Straight,Curly,No,No,155,5,A,Wavy,No
162,161,1,2,O,AB,Wavy,Straight,No,Yes,164,1,B,Wavy,Yes
195,166,2,4,AB,O,Curly,Curly,Yes,Yes,181,2,A,Curly,Yes
172,179,2,3,A,A,Straight,Straight,No,Yes,173,2,A,Straight,No
155,179,3,1,B,AB,Curly,Straight,No,Yes,170,3,A,Curly,No
169,178,4,4,O,O,Wavy,Straight,Yes,No,180,4,O,Wavy,No
177,161,1,5,A,B,Straight,Curly,No,No,177,4,O,Wavy,No
162,180,1,3,O,A,Curly,Wavy,No,No,174,3,A,Wavy,No
165,155,3,2,AB,A,Curly,Wavy,Yes,No,163,3,A,Wavy,Yes
170,156,1,1,A,AB,Wavy,Wavy,Yes,No,159,1,AB,Wavy,Yes
176,156,4,1,A,O,Wavy,Curly,No,Yes,170,2,A,Wavy,No
179,175,3,3,O,O,Wavy,Straight,Yes,Yes,171,2,O,Wavy,Yes
166,155,4,3,A,B,Curly,Curly,No,No,172,3,B,Curly,No
178,159,4,1,A,A,Curly,Straight,Yes,Yes,175,2,A,Wavy,Yes
184,169,2,5,B,B,Wavy,Curly,Yes,No,177,3,B,Wavy,No
155,162,1,2,A,AB,Straight,Wavy,Yes,Yes,161,1,AB,Wavy,Yes
164,150,3,5,A,B,Straight,Straight,No,No,158,3,AB,Straight,No
155,175,3,3,AB,O,Curly,Curly,No,Yes,163,2,AB,Curly,Yes
159,174,4,3,O,B,Curly,Curly,No,Yes,162,2,B,Curly,No
155,152,4,1,AB,A,Curly,Curly,Yes,No,152,1,AB,Curly,Yes
195,180,3,3,AB,B,Wavy,Wavy,Yes,No,192,4,AB,Wavy,No
186,154,1,1,O,AB,Wavy,Wavy,Yes,Yes,174,1,B,Wavy,Yes
171,164,3,4,B,A,Straight,Wavy,Yes,Yes,178,2,A,Wavy,Yes
194,152,2,1,AB,A,Wavy,Wavy,No,Yes,165,2,AB,Wavy,Yes
158,173,2,4,B,A,Curly,Wavy,No,No,164,3,O,Wavy,No
162,158,2,2,AB,A,Wavy,Straight,No,Yes,165,3,B,Wavy,Yes
173,166,3,3,B,A,Wavy,Wavy,Yes,No,173,2,AB,Wavy,No
181,175,5,5,O,AB,Straight,Curly,No,Yes,180,4,A,Curly,Yes
160,152,5,4,O,O,Curly,Curly,Yes,No,155,4,O,Curly,Yes
174,147,3,2,A,A,Curly,Straight,No,Yes,159,1,A,Wavy,Yes
184,175,1,3,AB,AB,Straight,Wavy,Yes,No,167,1,AB,Wavy,No
187,161,2,4,AB,AB,Wavy,Curly,Yes,Yes,169,4,AB,Wavy,Yes
186,168,4,4,O,O,Curly,Straight,No,No,171,4,O,Wavy,No
161,160,4,4,AB,O,Curly,Curly,No,No,161,5,A,Curly,No
165,173,5,3,B,A,Curly,Curly,No,No,171,4,O,Curly,No
180,168,4,5,A,AB,Wavy,Straight,Yes,No,179,5,A,Wavy,No
192,157,1,4,B,O,Curly,Straight,Yes,No,178,1,B,Curly,Yes
170,149,1,2,B,A,Wavy,Wavy,No,Yes,169,2,A,Wavy,No
172,176,4,5,B,B,Curly,Straight,Yes,No,181,3,B,Wavy,Yes
156,152,2,1,B,O,Curly,Curly,Yes,No,155,1,B,Curly,No
188,155,4,5,O,AB,Wavy,Wavy,No,Yes,171,4,A,Wavy,No
185,160,5,3,A,A,Wavy,Wavy,No,No,175,3,A,Wavy,No
155,153,2,1,O,B,Wavy,Straight,No,No,151,1,B,Wavy,No
178,175,1,5,A,O,Curly,Straight,Yes,Yes,176,2,A,Curly,Yes
186,161,2,3,B,A,Curly,Curly,No,No,179,1,O,Curly,No
169,159,4,4,O,O,Wavy,Curly,Yes,No,165,4,O,Wavy,No
169,160,1,5,AB,B,Wavy,Wavy,Yes,Yes,172,3,B,Wavy,Yes
162,156,2,2,A,A,Straight,Straight,No,No,165,3,A,Straight,No
178,152,5,5,AB,B,Curly,Wavy,No,No,167,5,AB,Wavy,No
165,164,2,4,O,B,Curly,Wavy,No,Yes,168,3,B,Wavy,Yes
174,167,2,4,A,AB,Curly,Wavy,No,Yes,166,4,A,Wavy,No
191,149,2,5,B,O,Straight,Straight,No,Yes,171,3,B,Straight,Yes
159,159,5,4,B,A,Straight,Curly,No,No,163,4,O,Wavy,No
170,165,3,4,AB,A,Straight,Straight,No,No,167,4,AB,Straight,No
168,171,3,1,B,O,Wavy,Straight,Yes,No,171,1,B,Wavy,No
168,160,5,2,A,B,Curly,Curly,No,No,166,4,AB,Curly,No
169,178,2,3,O,A,Straight,Wavy,Yes,Yes,176,2,A,Wavy,Yes
169,178,5,4,B,B,Straight,Straight,Yes,No,173,5,B,Straight,Yes
158,151,4,2,O,A,Wavy,Curly,No,Yes,152,4,A,Wavy,No
186,180,3,1,AB,AB,Curly,Curly,No,Yes,182,1,AB,Curly,No
188,167,3,4,AB,A,Wavy,Straight,Yes,Yes,179,3,A,Wavy,Yes
156,154,3,4,O,A,Curly,Wavy,Yes,No,149,3,A,Wavy,Yes
193,178,3,1,B,O,Wavy,Curly,No,No,182,1,B,Wavy,No
183,146,1,2,A,AB,Wavy,Straight,No,No,161,2,A,Wavy,No
163,180,5,4,O,AB,Curly,Straight,No,No,175,3,B,Curly,No
181,159,2,3,A,A,Straight,Curly,No,Yes,170,2,A,Wavy,No
164,167,5,1,O,A,Curly,Curly,No,Yes,166,3,A,Curly,No
171,162,4,2,AB,A,Wavy,Wavy,Yes,No,169,4,A,Wavy,No
161,163,5,2,B,B,Straight,Curly,Yes,Yes,164,4,B,Curly,Yes
155,175,3,2,AB,AB,Curly,Curly,Yes,Yes,163,3,B,Curly,Yes
160,154,3,2,B,O,Wavy,Wavy,Yes,Yes,158,2,B,Wavy,Yes
157,177,3,3,B,O,Wavy,Curly,Yes,No,165,2,B,Wavy,Yes
160,157,2,4,B,A,Wavy,Curly,Yes,No,165,4,B,Wavy,No
160,155,1,5,O,B,Curly,Curly,Yes,Yes,153,4,B,Curly,Yes
162,162,1,5,B,AB,Straight,Wavy,Yes,No,159,4,AB,Wavy,No
185,151,5,3,AB,O,Straight,Curly,No,Yes,153,3,B,Wavy,Yes
167,164,3,5,AB,O,Wavy,Straight,No,Yes,165,3,AB,Wavy,Yes
181,174,5,2,O,B,Wavy,Wavy,Yes,Yes,180,4,B,Wavy,Yes
184,169,2,1,B,AB,Wavy,Wavy,No,No,177,1,A,Wavy,No
159,169,5,5,O,AB,Wavy,Curly,Yes,No,167,5,AB,Wavy,No
191,164,5,3,O,B,Curly,Curly,Yes,Yes,174,5,B,Curly,Yes
192,178,1,4,A,B,Curly,Curly,No,No,184,1,B,Curly,No
178,151,2,1,B,B,Wavy,Curly,No,Yes,167,2,B,Wavy,Yes
176,148,3,2,B,O,Curly,Curly,No,No,164,3,B,Curly,No
161,172,4,1,B,AB,Wavy,Straight,Yes,No,163,3,B,Wavy,No
158,159,1,2,O,O,Straight,Wavy,No,Yes,153,1,O,Wavy,No
163,149,1,4,B,AB,Straight,Straight,No,Yes,153,1,AB,Straight,Yes
184,172,4,5,O,A,Straight,Wavy,Yes,No,180,3,A,Wavy,Yes
162,148,4,4,O,AB,Straight,Wavy,No,Yes,153,5,AB,Wavy,Yes
173,170,2,4,B,A,Curly,Straight,No,Yes,161,2,O,Wavy,Yes
177,174,5,3,B,O,Curly,Straight,Yes,Yes,185,4,B,Wavy,Yes
181,161,3,2,B,A,Curly,Straight,Yes,No,169,2,A,Curly,Yes
173,172,3,3,O,O,Curly,Straight,No,No,172,4,O,Curly,No
189,174,4,5,O,B,Wavy,Straight,Yes,No,178,3,B,Wavy,Yes
186,169,3,5,O,O,Curly,Straight,Yes,Yes,167,3,O,Wavy,Yes
165,157,2,5,A,AB,Straight,Curly,Yes,No,150,2,A,Wavy,No
194,165,3,5,AB,AB,Straight,Curly,Yes,Yes,176,5,AB,Curly,Yes
161,161,1,4,O,A,Straight,Wavy,Yes,Yes,159,2,A,Wavy,Yes
184,159,4,4,O,AB,Curly,Straight,No,Yes,169,3,A,Curly,No
155,151,3,2,O,O,Wavy,Curly,Yes,Yes,158,1,O,Wavy,Yes
178,180,3,5,O,O,Wavy,Straight,Yes,Yes,177,5,O,Wavy,Yes
171,171,3,5,AB,B,Curly,Wavy,Yes,No,164,3,AB,Wavy,Yes
173,156,2,3,AB,O,Curly,Straight,No,No,171,1,AB,Curly,No
191,168,4,4,B,B,Wavy,Curly,No,No,179,3,B,Wavy,No
155,165,3,1,B,A,Wavy,Straight,No,No,158,3,B,Wavy,No
184,163,3,3,AB,AB,Wavy,Straight,No,No,176,3,A,Wavy,No
156,161,2,2,AB,B,Curly,Curly,Yes,No,154,3,A,Curly,No
163,171,3,1,B,A,Curly,Straight,Yes,No,159,2,AB,Wavy,No
166,163,1,2,O,AB,Wavy,Curly,No,Yes,166,1,AB,Wavy,No
165,155,5,3,A,A,Wavy,Wavy,Yes,No,154,5,A,Wavy,No
155,180,5,4,AB,A,Curly,Straight,Yes,No,168,5,B,Curly,No
179,148,4,3,AB,AB,Wavy,Straight,Yes,Yes,160,4,A,Wavy,Yes
156,180,5,1,O,A,Straight,Wavy,No,No,169,2,A,Wavy,No
164,160,1,2,AB,AB,Straight,Straight,No,Yes,163,2,B,Straight,No
161,161,1,1,O,AB,Straight,Straight,No,Yes,163,2,A,Straight,No
186,172,4,1,AB,B,Straight,Curly,Yes,No,176,1,B,Curly,No
169,174,4,3,AB,AB,Wavy,Wavy,Yes,Yes,165,2,A,Wavy,Yes
190,157,1,3,O,AB,Straight,Curly,No,No,171,2,AB,Wavy,No
185,172,2,4,B,B,Straight,Wavy,Yes,Yes,179,2,B,Wavy,Yes
167,161,3,3,B,B,Straight,Straight,No,No,158,4,B,Straight,No
157,168,3,3,B,AB,Wavy,Curly,Yes,Yes,166,3,A,Wavy,Yes
172,163,5,4,AB,AB,Wavy,Straight,Yes,Yes,169,5,B,Wavy,Yes
180,170,5,5,B,O,Straight,Curly,Yes,No,174,5,B,Wavy,Yes
175,151,3,4,AB,O,Straight,Wavy,No,Yes,165,4,A,Wavy,No
186,151,1,1,B,AB,Wavy,Curly,No,Yes,169,2,B,Wavy,Yes
173,171,1,5,O,A,Straight,Wavy,No,No,165,4,A,Wavy,No
170,154,5,1,A,B,Wavy,Curly,Yes,Yes,154,2,B,Wavy,Yes
175,173,2,2,AB,A,Curly,Curly,No,Yes,184,2,AB,Curly,No
171,147,5,2,AB,O,Wavy,Curly,No,Yes,165,4,A,Wavy,No
192,174,3,2,B,B,Curly,Wavy,Yes,Yes,180,3,B,Wavy,Yes
181,157,4,1,O,B,Curly,Wavy,No,No,169,2,B,Wavy,No
190,150,1,2,O,B,Curly,Curly,No,Yes,165,1,B,Curly,Yes
164,147,5,5,B,O,Straight,Wavy,Yes,Yes,164,5,B,Wavy,Yes
174,165,4,3,A,A,Wavy,Straight,Yes,No,160,2,A,Wavy,No
176,156,4,3,B,O,Straight,Curly,No,No,171,4,B,Wavy,No
158,158,1,1,B,A,Straight,Wavy,Yes,Yes,158,1,AB,Wavy,Yes
191,154,2,4,A,O,Straight,Curly,No,Yes,180,4,A,Curly,No
173,160,1,1,B,O,Straight,Wavy,No,No,167,1,B,Wavy,No
163,172,3,2,AB,O,Straight,Curly,No,No,168,3,B,Curly,No
183,162,5,2,O,A,Curly,Wavy,Yes,No,171,3,A,Wavy,No
163,163,3,5,A,B,Straight,Wavy,No,Yes,165,5,AB,Wavy,No
178,161,1,2,A,O,Curly,Straight,Yes,Yes,170,1,A,Wavy,Yes
176,169,5,5,O,AB,Curly,Straight,Yes,Yes,179,4,A,Curly,Yes
192,156,2,3,A,O,Straight,Straight,No,Yes,182,2,A,Straight,Yes
181,178,5,5,AB,A,Straight,Curly,Yes,Yes,178,5,B,Curly,Yes
169,171,3,5,B,B,Wavy,Wavy,No,No,165,4,B,Wavy,No
168,154,1,2,B,AB,Wavy,Straight,No,No,171,1,B,Wavy,No
194,163,1,3,O,A,Straight,Curly,No,Yes,180,1,A,Wavy,Yes
156,165,3,3,AB,A,Wavy,Straight,No,No,156,2,AB,Wavy,No
174,158,1,4,A,B,Curly,Straight,No,No,168,1,A,Wavy,No
185,174,5,1,A,O,Straight,Wavy,Yes,Yes,176,2,A,Wavy,Yes
181,156,4,4,O,O,Wavy,Wavy,No,No,181,5,O,Wavy,No
191,152,2,2,O,A,Wavy,Straight,Yes,No,179,1,A,Wavy,Yes
165,171,4,4,A,O,Wavy,Curly,Yes,No,169,4,A,Wavy,No
159,177,2,2,AB,B,Wavy,Wavy,No,Yes,167,3,A,Wavy,Yes
161,167,3,1,AB,O,Wavy,Straight,No,Yes,159,2,AB,Wavy,Yes
164,171,4,3,B,B,Curly,Wavy,No,Yes,169,3,B,Wavy,No
163,146,4,2,A,AB,Curly,Wavy,Yes,No,151,4,AB,Wavy,Yes
188,174,5,2,AB,B,Curly,Wavy,Yes,No,185,2,A,Wavy,Yes
185,162,1,5,AB,B,Straight,Straight,Yes,Yes,167,3,A,Straight,Yes
188,155,5,1,O,O,Straight,Wavy,No,Yes,172,3,O,Wavy,Yes
185,170,1,4,B,AB,Curly,Curly,Yes,Yes,180,1,B,Curly,Yes
156,165,1,3,A,A,Straight,Straight,Yes,Yes,166,1,A,Straight,Yes
194,165,2,1,B,O,Straight,Wavy,No,Yes,181,1,B,Wavy,No
186,156,4,1,B,AB,Straight,Straight,No,No,171,3,A,Straight,No
167,161,1,1,B,AB,Wavy,Curly,Yes,No,155,2,AB,Wavy,No
164,163,4,3,AB,O,Wavy,Wavy,Yes,No,153,2,A,Wavy,No
171,161,2,4,A,O,Straight,Wavy,No,No,172,4,A,Wavy,No
160,153,4,5,B,O,Straight,Wavy,No,Yes,155,3,B,Wavy,Yes
193,152,5,3,B,B,Wavy,Wavy,Yes,Yes,171,4,B,Wavy,Yes
174,156,2,3,B,A,Wavy,Curly,No,No,163,3,A,Wavy,No
173,153,1,5,AB,O,Curly,Wavy,No,Yes,164,2,B,Wavy,Yes
190,164,4,4,O,B,Straight,Straight,No,Yes,178,3,B,Straight,Yes
176,159,5,4,B,B,Straight,Straight,No,Yes,176,5,B,Straight,Yes
156,163,2,4,A,AB,Straight,Straight,Yes,Yes,167,3,B,Straight,Yes
194,151,4,3,O,AB,Wavy,Wavy,No,No,158,3,B,Wavy,No
182,179,1,2,O,B,Straight,Straight,No,Yes,184,1,B,Straight,Yes
157,178,5,1,AB,A,Wavy,Straight,No,Yes,165,3,AB,Wavy,Yes
159,160,2,1,B,A,Curly,Wavy,No,No,159,1,B,Wavy,No
191,147,3,1,A,A,Curly,Straight,No,Yes,173,3,A,Curly,Yes
169,178,3,2,B,AB,Wavy,Straight,No,Yes,164,1,AB,Wavy,Yes
166,146,4,3,AB,AB,Straight,Wavy,No,No,155,4,A,Wavy,No
187,167,4,2,O,AB,Curly,Curly,No,No,173,4,A,Curly,No
184,156,4,5,A,O,Curly,Wavy,Yes,No,177,3,A,Wavy,No
187,171,3,5,B,A,Wavy,Wavy,No,Yes,184,5,B,Wavy,Yes
168,175,2,5,AB,A,Wavy,Curly,Yes,No,179,4,B,Wavy,Yes
165,169,1,1,B,A,Wavy,Straight,No,No,167,1,B,Wavy,No
173,168,5,2,A,O,Curly,Curly,No,No,163,2,A,Curly,No
160,155,2,5,O,B,Straight,Curly,No,No,156,4,B,Curly,No
174,145,4,5,O,A,Wavy,Curly,No,Yes,157,5,A,Wavy,Yes
178,178,5,3,AB,O,Curly,Wavy,No,No,169,3,AB,Wavy,No
160,165,3,1,B,O,Straight,Wavy,No,Yes,160,3,B,Wavy,No
171,171,3,4,O,A,Curly,Straight,Yes,Yes,172,4,A,Wavy,Yes
193,160,1,1,O,AB,Straight,Wavy,No,Yes,172,2,AB,Wavy,Yes
190,178,5,2,A,O,Straight,Wavy,No,Yes,179,4,A,Wavy,Yes
175,165,5,1,A,AB,Wavy,Straight,No,No,170,3,B,Wavy,No
169,173,3,5,A,O,Curly,Wavy,Yes,No,166,5,A,Wavy,Yes
172,161,5,5,B,O,Curly,Straight,Yes,Yes,163,5,B,Curly,Yes
167,158,5,4,A,O,Curly,Wavy,Yes,Yes,163,4,A,Wavy,Yes
188,165,1,3,A,A,Curly,Straight,Yes,Yes,182,1,A,Curly,Yes
155,160,5,1,B,A,Curly,Curly,Yes,No,160,2,B,Curly,Yes
177,155,5,3,AB,B,Wavy,Wavy,Yes,No,163,5,B,Wavy,No
161,177,3,2,AB,A,Curly,Wavy,Yes,No,169,1,A,Wavy,Yes
194,155,4,2,A,AB,Curly,Straight,Yes,Yes,164,2,AB,Wavy,Yes
165,166,5,2,A,A,Straight,Straight,No,No,172,3,A,Straight,No
166,180,1,2,O,A,Wavy,Wavy,No,Yes,179,1,A,Wavy,Yes
193,154,1,5,AB,B,Straight,Straight,Yes,No,166,3,AB,Straight,No
176,157,4,3,AB,AB,Curly,Wavy,Yes,Yes,172,2,A,Wavy,Yes
193,176,3,1,O,A,Curly,Wavy,No,Yes,186,3,A,Wavy,No
175,146,1,3,B,B,Straight,Curly,No,No,167,1,B,Curly,No
162,173,4,3,A,AB,Curly,Straight,Yes,No,171,2,AB,Curly,Yes
190,166,3,3,O,AB,Curly,Wavy,Yes,Yes,186,2,A,Wavy,Yes
176,173,5,3,O,AB,Wavy,Wavy,No,Yes,178,5,AB,Wavy,Yes
166,173,2,2,B,AB,Curly,Straight,No,No,176,2,A,Wavy,No
178,169,2,1,B,B,Wavy,Curly,No,No,175,2,B,Wavy,No
182,177,3,4,O,AB,Wavy,Curly,Yes,No,183,2,AB,Wavy,No
175,148,3,2,A,AB,Curly,Curly,Yes,Yes,161,3,A,Curly,Yes
162,168,5,4,B,B,Curly,Straight,No,Yes,167,5,B,Curly,Yes
176,170,4,4,O,O,Wavy,Straight,Yes,Yes,176,4,O,Wavy,Yes
155,177,2,5,AB,O,Curly,Straight,No,Yes,158,2,A,Curly,Yes
191,166,2,5,AB,O,Straight,Curly,Yes,No,179,4,B,Wavy,Yes
